activity,bwd_init_win_bytes,bwd_packets_IAT_mode,bwd_packets_IAT_total,bwd_packets_rate,bwd_psh_flag_percentage_in_bwd_packets,bwd_rst_flag_counts,bwd_rst_flag_percentage_in_total,fwd_init_win_bytes,fwd_max_header_bytes,fwd_mean_header_bytes,fwd_median_header_bytes,fwd_min_header_bytes,fwd_mode_header_bytes,fwd_packets_IAT_max,fwd_packets_IAT_mean,fwd_packets_IAT_median,fwd_packets_IAT_min,fwd_packets_IAT_mode,fwd_packets_IAT_total,fwd_packets_rate,fwd_psh_flag_percentage_in_fwd_packets,fwd_syn_flag_percentage_in_fwd_packets,fwd_syn_flag_percentage_in_total,fwd_total_header_bytes,label,max_header_bytes,mean_header_bytes,median_header_bytes,min_header_bytes,mode_header_bytes,packet_IAT_max,packet_IAT_min,packet_IAT_total,packets_IAT_mean,packets_IAT_median,packets_IAT_mode,packets_rate,rst_flag_counts,rst_flag_percentage_in_total,syn_flag_percentage_in_total,total_header_bytes
Attack-TCP-Flag-ACK-PSH,1024,0.0079599518,0.0079599518,11413.008,0.0,1,0.5,1024,20,20.0,20.0,20,20.0,1.6993338e-05,1.6993338e-05,1.6993338e-05,1.6993338e-05,1.6993338e-05,1.6993338e-05,11413.008,0.0,1.0,0.5,20,Attack,20,20.0,20.0,20,20.0,5.3149115e-05,5.3149115e-05,0.0079599518,0.010016044,0.01,0.01,22826.016,1,0.5,0.5,40
Attack-TCP-Flag-ACK-PSH,0,0.0,0.0,0.0,0.0,0,0.0,0,20,20.0,20.0,20,20.0,1702932500.0,1702932500.0,1702932500.0,1702932500.0,1702932500.0,1702932500.0,0.0,0.0,0.0,0.0,20,Attack,20,20.0,20.0,20,20.0,1702932500.0,1702932500.0,1702932500.0,1702932500.0,1702932500.0,1702932500.0,0.0,1,1.0,0.0,20
Attack-TCP-Flag-ACK-PSH,64000,0.10796608,0.10796608,9.0895834,0.0,1,0.5,29200,32,32.0,32.0,32,32.0,0.10796608,0.10796608,0.10796608,0.10796608,0.10796608,0.10796608,9.0895834,0.0,1.0,0.5,32,Attack,32,26.0,26.0,20,20.0,0.10796608,0.10796608,0.10796608,0.11,0.11,0.11,18.179166,1,0.5,0.5,52
Attack-TCP-Flag-ACK-PSH,0,0.0,0.0,0.0,0.0,0,0.0,64240,20,20.0,20.0,20,20.0,1702932100.0,1702932100.0,1702932100.0,1702932100.0,1702932100.0,1702932100.0,0.0,0.0,1.0,1.0,20,Attack,20,20.0,20.0,20,20.0,1702932100.0,1702932100.0,1702932100.0,1702932100.0,1702932100.0,1702932100.0,0.0,0,0.0,1.0,20
Attack-TCP-Flag-ACK-PSH,0,0.0,0.0,0.0,0.0,0,0.0,65535,24,24.0,24.0,24,24.0,1702932600.0,1702932600.0,1702932600.0,1702932600.0,1702932600.0,1702932600.0,0.0,0.0,1.0,1.0,24,Attack,24,24.0,24.0,24,24.0,1702932600.0,1702932600.0,1702932600.0,1702932600.0,1702932600.0,1702932600.0,0.0,0,0.0,1.0,24
Attack-TCP-Flag-ACK-PSH,0,0.0,0.0,0.0,0.0,0,0.0,1200,20,20.0,20.0,20,20.0,1702932700.0,1702932700.0,1702932700.0,1702932700.0,1702932700.0,1702932700.0,0.0,0.0,0.0,0.0,20,Attack,20,20.0,20.0,20,20.0,1702932700.0,1702932700.0,1702932700.0,1702932700.0,1702932700.0,1702932700.0,0.0,1,1.0,0.0,20
Attack-TCP-Flag-ACK-PSH,0,1702932500.0,1702932500.0,946.5068,0.0,1,0.5,29040,20,20.0,20.0,20,20.0,1702932500.0,1702932500.0,1702932500.0,1702932500.0,1702932500.0,1702932500.0,946.5068,0.0,1.0,0.5,20,Attack,20,20.0,20.0,20,20.0,0.01204314,0.01204314,0.01204314,0.012,0.012,0.012,1893.0137,1,0.5,0.5,40
Attack-TCP-Flag-ACK-PSH,0,0.0,0.0,0.0,0.0,0,0.0,1025,24,24.0,24.0,24,24.0,1702931500.0,1702931500.0,1702931500.0,1702931500.0,1702931500.0,1702931500.0,0.0,0.0,1.0,1.0,24,Attack,24,24.0,24.0,24,24.0,1702931500.0,1702931500.0,1702931500.0,1702931500.0,1702931500.0,1702931500.0,0.0,0,0.0,1.0,24
Attack-TCP-Flag-ACK-PSH,0,0.0,0.0,0.0,0.0,0,0.0,1200,20,20.0,20.0,20,20.0,1702931800.0,1702931800.0,1702931800.0,1702931800.0,1702931800.0,1702931800.0,0.0,0.0,0.0,0.0,20,Attack,20,20.0,20.0,20,20.0,1702931800.0,1702931800.0,1702931800.0,1702931800.0,1702931800.0,1702931800.0,0.0,0,0.0,0.0,20
Attack-TCP-Flag-ACK-PSH,0,1702933000.0,1702933000.0,5451.6718,0.0,1,0.5,64240,40,40.0,40.0,40,40.0,1702933000.0,1702933000.0,1702933000.0,1702933000.0,1702933000.0,1702933000.0,5451.6718,0.0,1.0,0.5,40,Attack,40,30.0,30.0,20,20.0,0.00023401305,0.00023401305,0.00023401305,0.0002,0.0002,0.0002,10903.343,1,0.5,0.5,60
Attack-TCP-Flag-ACK-PSH,0,0.0,0.0,0.0,0.0,0,0.0,65535,24,24.0,24.0,24,24.0,1702932700.0,1702932700.0,1702932700.0,1702932700.0,1702932700.0,1702932700.0,0.0,0.0,1.0,1.0,24,Attack,24,24.0,24.0,24,24.0,1702932700.0,1702932700.0,1702932700.0,1702932700.0,1702932700.0,1702932700.0,0.0,0,0.0,1.0,24
Attack-TCP-Flag-ACK-PSH,62602,0.1074,0.10739405,18.572919,0.0,1,0.5,0,0,0.0,0.0,0,0.0,0.0,0.0,0.0,0.0,0.0,0.0,0.0,0.0,0.0,0.0,0,Attack,20,20.0,20.0,20,20.0,0.10739405,0.10739405,0.10739405,0.1074,0.1074,0.1074,18.572919,1,0.5,0.0,40
Attack-TCP-Flag-ACK-PSH,62599,0.1101,0.11009996,18.174955,0.0,1,0.5,0,0,0.0,0.0,0,0.0,0.0,0.0,0.0,0.0,0.0,0.0,0.0,0.0,0.0,0.0,0,Attack,20,20.0,20.0,20,20.0,0.11009996,0.11009996,0.11009996,0.1101,0.1101,0.1101,18.174955,1,0.5,0.0,40
Attack-TCP-Flag-ACK-PSH,62602,0.11,0.10997388,18.18291,0.0,1,0.5,0,0,0.0,0.0,0,0.0,0.0,0.0,0.0,0.0,0.0,0.0,0.0,0.0,0.0,0.0,0,Attack,20,20.0,20.0,20,20.0,0.10997388,0.10997388,0.10997388,0.11,0.11,0.11,18.18291,1,0.5,0.0,40
Attack-TCP-Flag-ACK-PSH,0,1702932700.0,1702932700.0,8715.752,0.0,1,0.5,65535,24,24.0,24.0,24,24.0,1702932700.0,1702932700.0,1702932700.0,1702932700.0,1702932700.0,1702932700.0,8715.752,0.0,1.0,0.5,24,Attack,24,22.0,22.0,20,20.0,0.0011390096,0.0011390096,0.0011390096,0.0011,0.0011,0.0011,17451.504,1,0.5,0.5,44
Attack-TCP-Flag-ACK-PSH,0,1702931800.0,1702931800.0,6893.416,0.0,1,0.5,64240,40,40.0,40.0,40,40.0,1702931800.0,1702931800.0,1702931800.0,1702931800.0,1702931800.0,1702931800.0,6893.416,0.0,1.0,0.5,40,Attack,40,30.0,30.0,20,20.0,0.00014195192,0.00014195192,0.00014195192,0.0001,0.0001,0.0001,13786.832,1,0.5,0.5,60
Attack-TCP-Flag-ACK-PSH,0,0.0,0.0,0.0,0.0,0,0.0,1024,20,20.0,20.0,20,20.0,1702932400.0,1702932400.0,1702932400.0,1702932400.0,1702932400.0,1702932400.0,0.0,0.0,1.0,1.0,20,Attack,20,20.0,20.0,20,20.0,1702932400.0,1702932400.0,1702932400.0,1702932400.0,1702932400.0,1702932400.0,0.0,0,0.0,1.0,20
Attack-TCP-Flag-ACK-PSH,65020,0.10505005,0.07111104,2.1861743,0.2,1,0.5,1024,20,18.6,20.0,20,20.0,3.1428573,7.202266,7.0,2.8706997,5.5555554,1.7029331,1.0082405,0.11111111,0.16666667,0.11111111,32,Attack,20,19.0,20.0,20,20.0,0.11002713,0.00010303,0.10215179,0.0096,0.0001,0.0001,3.169959,1,0.5,0.11111111,52
Attack-TCP-Flag-ACK-PSH,64000,0.1093,0.109314995,18.311504,0.0,1,0.5,0,0,0.0,0.0,0,0.0,0.0,0.0,0.0,0.0,0.0,0.0,0.0,0.0,0.0,0.0,0,Attack,20,20.0,20.0,20,20.0,0.109314995,0.109314995,0.109314995,0.1093,0.1093,0.1093,18.311504,1,0.5,0.0,40
Attack-TCP-Flag-ACK-PSH,0,0.0,0.0,0.0,0.0,0,0.0,1024,24,24.0,24.0,24,24.0,1702931500.0,1702931500.0,1702931500.0,1702931500.0,1702931500.0,1702931500.0,0.0,0.0,1.0,1.0,24,Attack,24,24.0,24.0,24,24.0,1702931500.0,1702931500.0,1702931500.0,1702931500.0,1702931500.0,1702931500.0,0.0,0,0.0,1.0,24
Attack-TCP-Flag-ACK-PSH,62592,0.11,0.11004402,18.174176,0.0,1,0.5,0,0,0.0,0.0,0,0.0,0.0,0.0,0.0,0.0,0.0,0.0,0.0,0.0,0.0,0.0,0,Attack,20,20.0,20.0,20,20.0,0.11004402,0.11004402,0.11004402,0.11,0.11,0.11,18.174176,1,0.5,0.0,40
Attack-TCP-Flag-ACK-PSH,0,1702932000.0,1702932000.0,6586.059,0.0,1,0.5,8194,32,32.0,32.0,32,32.0,1702932000.0,1702932000.0,1702932000.0,1702932000.0,1702932000.0,1702932000.0,6551.9594,0.0,1.0,0.5,32,Attack,32,26.0,26.0,20,20.0,0.02096802,0.02096802,0.02096802,0.021,0.021,0.021,1318.0133,1,0.5,0.5,52
Attack-TCP-Flag-ACK-PSH,0,0.0,0.0,0.0,0.0,0,0.0,0,20,20.0,20.0,20,20.0,1702931600.0,1702931600.0,1702931600.0,1702931600.0,1702931600.0,1702931600.0,0.0,0.0,0.0,0.0,20,Attack,20,20.0,20.0,20,20.0,1702931600.0,1702931600.0,1702931600.0,1702931600.0,1702931600.0,1702931600.0,0.0,1,1.0,0.0,20
Attack-TCP-Flag-ACK-PSH,0,1702932500.0,1702932500.0,9800.747,0.0,1,0.5,1024,32,32.0,32.0,32,32.0,1702932500.0,1702932500.0,1702932500.0,1702932500.0,1702932500.0,1702932500.0,9800.747,0.0,1.0,0.5,32,Attack,32,26.0,26.0,20,20.0,0.00012297014,0.00012297014,0.00012297014,0.0001,0.0001,0.0001,19601.495,1,0.5,0.5,52
Attack-TCP-Flag-ACK-PSH,0,0.0,0.0,0.0,0.0,0,0.0,0,20,20.0,20.0,20,20.0,1702932200.0,1702932200.0,1702932200.0,1702932200.0,1702932200.0,1702932200.0,0.0,0.0,0.0,0.0,20,Attack,20,20.0,20.0,20,20.0,1702932200.0,1702932200.0,1702932200.0,1702932200.0,1702932200.0,1702932200.0,0.0,1,1.0,0.0,20
Attack-TCP-Flag-ACK-PSH,0,0.0,0.0,0.0,0.0,0,0.0,1024,32,32.0,32.0,32,32.0,1702931700.0,1702931700.0,1702931700.0,1702931700.0,1702931700.0,1702931700.0,0.0,0.0,1.0,1.0,32,Attack,32,32.0,32.0,32,32.0,1702931700.0,1702931700.0,1702931700.0,1702931700.0,1702931700.0,1702931700.0,0.0,0,0.0,1.0,32
Attack-TCP-Flag-ACK-PSH,0,1702932700.0,1702932700.0,7170.2785,0.0,1,0.5,1024,20,20.0,20.0,20,20.0,1702932700.0,1702932700.0,1702932700.0,1702932700.0,1702932700.0,1702932700.0,7170.2785,0.0,1.0,0.5,20,Attack,20,20.0,20.0,20,20.0,0.00020201207,0.00020201207,0.00020201207,0.0002,0.0002,0.0002,14338.555,1,0.5,0.5,40
Attack-TCP-Flag-ACK-PSH,0,0.0,0.0,0.0,0.0,0,0.0,0,20,20.0,20.0,20,20.0,1702932500.0,1702932500.0,1702932500.0,1702932500.0,1702932500.0,1702932500.0,0.0,0.0,0.0,0.0,20,Attack,20,20.0,20.0,20,20.0,1702932500.0,1702932500.0,1702932500.0,1702932500.0,1702932500.0,1702932500.0,0.0,1,1.0,0.0,20
Attack-TCP-Flag-ACK-PSH,0,1702933100.0,1702933100.0,10005.346,0.0,1,0.5,29200,40,40.0,40.0,40,40.0,1702933100.0,1702933100.0,1702933100.0,1702933100.0,1702933100.0,1702933100.0,10005.346,0.0,1.0,0.5,40,Attack,40,30.0,30.0,20,20.0,0.0012859563,0.0012859563,0.0012859563,0.0013,0.0013,0.0013,20010.692,1,0.5,0.5,60
Attack-TCP-Flag-ACK-PSH,24,0.0131,0.00610984,70.11908,0.5,1,0.3333333,24,12,12.0,12.0,12,12.0,0.01070084,0.00837,0.01070084,0.00831014,0.00837,0.0130209,100.1769,0.0,1.0,0.5,12,Attack,32,26.0,26.0,20,20.0,0.0131209,0.0131209,0.0131209,0.0107,0.0131,0.0131,170.29598,1,0.3333333,1.0,52
Attack-TCP-Flag-ACK-PSH,62596,0.11,0.10795593,18.189926,0.0,1,0.5,0,0,0.0,0.0,0,0.0,0.0,0.0,0.0,0.0,0.0,0.0,0.0,0.0,0.0,0.0,0,Attack,20,20.0,20.0,20,20.0,0.10795593,0.10795593,0.10795593,0.11,0.11,0.11,18.189926,1,0.5,0.0,40
Attack-TCP-Flag-ACK-PSH,64000,0.106,0.10603891,18.695514,0.0,1,0.5,0,0,0.0,0.0,0,0.0,0.0,0.0,0.0,0.0,0.0,0.0,0.0,0.0,0.0,0.0,0,Attack,20,20.0,20.0,20,20.0,0.10603891,0.10603891,0.10603891,0.106,0.106,0.106,18.695514,1,0.5,0.0,40
Attack-TCP-Flag-ACK-PSH,62605,0.1099,0.10991193,18.18897,0.0,1,0.5,0,0,0.0,0.0,0,0.0,0.0,0.0,0.0,0.0,0.0,0.0,0.0,0.0,0.0,0.0,0,Attack,20,20.0,20.0,20,20.0,0.10991193,0.10991193,0.10991193,0.1099,0.1099,0.1099,18.18897,1,0.5,0.0,40
Attack-TCP-Flag-ACK-PSH,62599,0.1081,0.10813797,18.488032,0.0,1,0.5,0,0,0.0,0.0,0,0.0,0.0,0.0,0.0,0.0,0.0,0.0,0.0,0.0,0.0,0.0,0,Attack,20,20.0,20.0,20,20.0,0.10813797,0.10813797,0.10813797,0.1081,0.1081,0.1081,18.488032,1,0.5,0.0,40
Attack-TCP-Flag-ACK-PSH,0,1702932700.0,1702932700.0,9415.136,0.0,1,0.5,65535,32,32.0,32.0,32,32.0,1702932700.0,1702932700.0,1702932700.0,1702932700.0,1702932700.0,1702932700.0,9415.136,0.0,1.0,0.5,32,Attack,32,26.0,26.0,20,20.0,0.10011096,0.10011096,0.10011096,0.1001,0.1001,0.1001,18815.272,1,0.5,0.5,52
Attack-TCP-Flag-ACK-PSH,62602,0.11,0.10999408,18.180998,0.0,1,0.5,0,0,0.0,0.0,0,0.0,0.0,0.0,0.0,0.0,0.0,0.0,0.0,0.0,0.0,0.0,0,Attack,20,20.0,20.0,20,20.0,0.10999408,0.10999408,0.10999408,0.11,0.11,0.11,18.180998,1,0.5,0.0,40
Attack-TCP-Flag-ACK-PSH,62596,0.1103,0.11029391,18.136854,0.0,1,0.5,0,0,0.0,0.0,0,0.0,0.0,0.0,0.0,0.0,0.0,0.0,0.0,0.0,0.0,0.0,0,Attack,20,20.0,20.0,20,20.0,0.11029391,0.11029391,0.11029391,0.1103,0.1103,0.1103,18.136854,1,0.5,0.0,40
Attack-TCP-Flag-ACK-PSH,0,0.0,0.0,0.0,0.0,0,0.0,64240,20,20.0,20.0,20,20.0,1702932100.0,1702932100.0,1702932100.0,1702932100.0,1702932100.0,1702932100.0,0.0,0.0,1.0,1.0,20,Attack,20,20.0,20.0,20,20.0,1702932100.0,1702932100.0,1702932100.0,1702932100.0,1702932100.0,1702932100.0,0.0,0,0.0,1.0,20
Attack-TCP-Flag-ACK-PSH,0,0.0,0.0,0.0,0.0,0,0.0,65535,24,24.0,24.0,24,24.0,1702933000.0,1702933000.0,1702933000.0,1702933000.0,1702933000.0,1702933000.0,0.0,0.0,1.0,1.0,24,Attack,24,24.0,24.0,24,24.0,1702933000.0,1702933000.0,1702933000.0,1702933000.0,1702933000.0,1702933000.0,0.0,0,0.0,1.0,24
Attack-TCP-Flag-ACK-PSH,62608,0.1114,0.11140688,17.981166,0.0,1,0.5,0,0,0.0,0.0,0,0.0,0.0,0.0,0.0,0.0,0.0,0.0,0.0,0.0,0.0,0.0,0,Attack,20,20.0,20.0,20,20.0,0.11140688,0.11140688,0.11140688,0.1114,0.1114,0.1114,17.981166,1,0.5,0.0,40
Attack-TCP-Flag-ACK-PSH,62610,0.1092,0.10921915,18.304926,0.0,1,0.5,0,0,0.0,0.0,0,0.0,0.0,0.0,0.0,0.0,0.0,0.0,0.0,0.0,0.0,0.0,0,Attack,20,20.0,20.0,20,20.0,0.10921915,0.10921915,0.10921915,0.1092,0.1092,0.1092,18.304926,1,0.5,0.0,40
Attack-TCP-Flag-ACK-PSH,0,1702932700.0,1702932700.0,11562.328,0.0,1,0.5,1024,20,20.0,20.0,20,20.0,1702932700.0,1702932700.0,1702932700.0,1702932700.0,1702932700.0,1702932700.0,11562.328,0.0,1.0,0.5,20,Attack,20,20.0,20.0,20,20.0,8.2018495e-05,8.2018495e-05,8.2018495e-05,0.0001,0.0001,0.0001,23124.655,1,0.5,0.5,40
Attack-TCP-Flag-ACK-PSH,0,0.0,0.0,0.0,0.0,0,0.0,0,20,20.0,20.0,20,20.0,1702933100.0,1702933100.0,1702933100.0,1702933100.0,1702933100.0,1702933100.0,0.0,0.0,0.0,0.0,20,Attack,20,20.0,20.0,20,20.0,1702933100.0,1702933100.0,1702933100.0,1702933100.0,1702933100.0,1702933100.0,0.0,1,1.0,0.0,20
Attack-TCP-Flag-ACK-PSH,0,0.0,0.0,0.0,0.0,0,0.0,65535,20,20.0,20.0,20,20.0,1702931500.0,1702931500.0,1702931500.0,1702931500.0,1702931500.0,1702931500.0,0.0,0.0,1.0,1.0,20,Attack,20,20.0,20.0,20,20.0,1702931500.0,1702931500.0,1702931500.0,1702931500.0,1702931500.0,1702931500.0,0.0,0,0.0,1.0,20
Attack-TCP-Flag-ACK-PSH,0,0.0,0.0,0.0,0.0,0,0.0,65535,20,20.0,20.0,20,20.0,1702933100.0,1702933100.0,1702933100.0,1702933100.0,1702933100.0,1702933100.0,0.0,0.0,1.0,1.0,20,Attack,20,20.0,20.0,20,20.0,1702933100.0,1702933100.0,1702933100.0,1702933100.0,1702933100.0,1702933100.0,0.0,0,0.0,1.0,20
Attack-TCP-Flag-ACK-PSH,62621,0.1101,0.11013397,18.159919,0.0,1,0.5,0,0,0.0,0.0,0,0.0,0.0,0.0,0.0,0.0,0.0,0.0,0.0,0.0,0.0,0.0,0,Attack,24,24.0,24.0,24,24.0,0.11013397,0.11013397,0.11013397,0.1101,0.1101,0.1101,18.159919,1,0.5,0.0,48
Attack-TCP-Flag-ACK-PSH,0,0.0,0.0,0.0,0.0,0,0.0,65535,24,24.0,24.0,24,24.0,1702932400.0,1702932400.0,1702932400.0,1702932400.0,1702932400.0,1702932400.0,0.0,0.0,1.0,1.0,24,Attack,24,24.0,24.0,24,24.0,1702932400.0,1702932400.0,1702932400.0,1702932400.0,1702932400.0,1702932400.0,0.0,0,0.0,1.0,24
Attack-TCP-Flag-ACK-PSH,0,1702932600.0,1702932600.0,8842.328,0.0,1,0.5,1024,20,20.0,20.0,20,20.0,1702932600.0,1702932600.0,1702932600.0,1702932600.0,1702932600.0,1702932600.0,8842.328,0.0,1.0,0.5,20,Attack,20,20.0,20.0,20,20.0,0.00011289993,0.00011289993,0.00011289993,0.0001,0.0001,0.0001,17684.656,1,0.5,0.5,40
Attack-TCP-Flag-ACK-PSH,0,1702932200.0,1702932200.0,13479.343,0.0,1,0.5,1024,24,24.0,24.0,24,24.0,1702932200.0,1702932200.0,1702932200.0,1702932200.0,1702932200.0,1702932200.0,13479.343,0.0,1.0,0.5,24,Attack,24,18.0,18.0,12,12.0,7.301555e-05,7.301555e-05,7.301555e-05,0.0001,0.0001,0.0001,26958.686,1,0.5,0.5,36
Attack-TCP-Flag-ACK-PSH,0,1702932600.0,1702932600.0,9443.753,0.0,1,0.2,29200,40,40.0,40.0,40,40.0,1702932600.0,1702932600.0,1702932600.0,1702932600.0,1702932600.0,1702932600.0,9443.753,0.0,1.0,0.8,40,Attack,40,30.0,30.0,20,20.0,0.10726107,0.10726107,0.10726107,0.1073,0.1073,0.1073,18887.506,1,0.2,0.8,60
Attack-TCP-Flag-ACK-PSH,0,0.0,0.0,0.0,0.0,0,0.0,65535,24,24.0,24.0,24,24.0,1702933100.0,1702933100.0,1702933100.0,1702933100.0,1702933100.0,1702933100.0,0.0,0.0,1.0,1.0,24,Attack,24,24.0,24.0,24,24.0,1702933100.0,1702933100.0,1702933100.0,1702933100.0,1702933100.0,1702933100.0,0.0,0,0.0,1.0,24
Attack-TCP-Flag-ACK-PSH,62599,0.1112,0.11122893,17.988832,0.0,1,0.5,0,0,0.0,0.0,0,0.0,0.0,0.0,0.0,0.0,0.0,0.0,0.0,0.0,0.0,0.0,0,Attack,20,20.0,20.0,20,20.0,0.11122893,0.11122893,0.11122893,0.1112,0.1112,0.1112,17.988832,1,0.5,0.0,40
Attack-TCP-Flag-ACK-PSH,62605,0.1108,0.11076314,18.053032,0.0,1,0.5,0,0,0.0,0.0,0,0.0,0.0,0.0,0.0,0.0,0.0,0.0,0.0,0.0,0.0,0.0,0,Attack,20,20.0,20.0,20,20.0,0.11076314,0.11076314,0.11076314,0.1108,0.1108,0.1108,18.053032,1,0.5,0.0,40
Attack-TCP-Flag-ACK-PSH,62592,0.111,0.110969016,18.024234,0.0,1,0.5,0,0,0.0,0.0,0,0.0,0.0,0.0,0.0,0.0,0.0,0.0,0.0,0.0,0.0,0.0,0,Attack,20,20.0,20.0,20,20.0,0.110969016,0.110969016,0.110969016,0.111,0.111,0.111,18.024234,1,0.5,0.0,40
Attack-TCP-Flag-ACK-PSH,62611,0.11,0.110000014,18.172914,0.0,1,0.5,0,0,0.0,0.0,0,0.0,0.0,0.0,0.0,0.0,0.0,0.0,0.0,0.0,0.0,0.0,0,Attack,20,20.0,20.0,20,20.0,0.110000014,0.110000014,0.110000014,0.11,0.11,0.11,18.172914,1,0.5,0.0,40
Attack-TCP-Flag-ACK-PSH,62592,0.109,0.10904712,18.285926,0.0,1,0.5,0,0,0.0,0.0,0,0.0,0.0,0.0,0.0,0.0,0.0,0.0,0.0,0.0,0.0,0.0,0,Attack,40,40.0,40.0,40,40.0,0.10904712,0.10904712,0.10904712,0.109,0.109,0.109,18.285926,1,0.5,0.0,80
Attack-TCP-Flag-ACK-PSH,0,1702932900.0,1702932900.0,9.011568,0.0,1,0.5,1024,20,20.0,20.0,20,20.0,1702932900.0,1702932900.0,1702932900.0,1702932900.0,1702932900.0,1702932900.0,9.011568,0.0,1.0,0.5,20,Attack,20,20.0,20.0,20,20.0,0.110970964,0.110970964,0.110970964,0.111,0.111,0.111,18.023136,1,0.5,0.5,40
Attack-TCP-Flag-ACK-PSH,0,0.0,0.0,0.0,0.0,0,0.0,65535,24,24.0,24.0,24,24.0,1702931600.0,1702931600.0,1702931600.0,1702931600.0,1702931600.0,1702931600.0,0.0,0.0,1.0,1.0,24,Attack,24,24.0,24.0,24,24.0,1702931600.0,1702931600.0,1702931600.0,1702931600.0,1702931600.0,1702931600.0,0.0,0,0.0,1.0,24
Attack-TCP-Flag-ACK-PSH,0,0.0,0.0,0.0,0.0,0,0.0,1200,20,20.0,20.0,20,20.0,1702931800.0,1702931800.0,1702931800.0,1702931800.0,1702931800.0,1702931800.0,0.0,0.0,0.0,0.0,20,Attack,20,20.0,20.0,20,20.0,1702931800.0,1702931800.0,1702931800.0,1702931800.0,1702931800.0,1702931800.0,0.0,1,1.0,0.0,20
Attack-TCP-Flag-ACK-PSH,0,0.0,0.0,0.0,0.0,0,0.0,0,20,20.0,20.0,20,20.0,1702932200.0,1702932200.0,1702932200.0,1702932200.0,1702932200.0,1702932200.0,0.0,0.0,0.0,0.0,20,Attack,20,20.0,20.0,20,20.0,1702932200.0,1702932200.0,1702932200.0,1702932200.0,1702932200.0,1702932200.0,0.0,1,1.0,0.0,20
Attack-TCP-Flag-ACK-PSH,0,1702932100.0,1702932100.0,5741.418,0.0,1,0.5,512,20,20.0,20.0,20,20.0,1702932100.0,1702932100.0,1702932100.0,1702932100.0,1702932100.0,1702932100.0,5741.418,0.0,1.0,0.5,20,Attack,20,20.0,20.0,20,20.0,0.00038798973,0.00038798973,0.00038798973,0.0004,0.0004,0.0004,11482.835,1,0.5,0.5,40
Attack-TCP-Flag-ACK-PSH,0,0.0,0.0,0.0,0.0,0,0.0,0,20,20.0,20.0,20,20.0,1702932700.0,1702932700.0,1702932700.0,1702932700.0,1702932700.0,1702932700.0,0.0,0.0,0.0,0.0,20,Attack,20,20.0,20.0,20,20.0,1702932700.0,1702932700.0,1702932700.0,1702932700.0,1702932700.0,1702932700.0,0.0,1,1.0,0.0,20
Attack-TCP-Flag-ACK-PSH,0,0.0,0.0,0.0,0.0,0,0.0,65535,24,24.0,24.0,24,24.0,1702933000.0,1702933000.0,1702933000.0,1702933000.0,1702933000.0,1702933000.0,0.0,0.0,1.0,1.0,24,Attack,24,24.0,24.0,24,24.0,1702933000.0,1702933000.0,1702933000.0,1702933000.0,1702933000.0,1702933000.0,0.0,0,0.0,1.0,24
Attack-TCP-Flag-ACK-PSH,0,1702931500.0,1702931500.0,12256.022,0.0,1,0.5,1024,32,32.0,32.0,32,32.0,1702931500.0,1702931500.0,1702931500.0,1702931500.0,1702931500.0,1702931500.0,12256.022,0.0,1.0,0.5,32,Attack,32,26.0,26.0,20,20.0,7.995059e-05,7.995059e-05,7.995059e-05,0.0001,0.0001,0.0001,24512.045,1,0.5,0.5,52
Attack-TCP-Flag-ACK-PSH,0,1702933000.0,1702933000.0,12385.928,0.0,1,0.5,65535,20,20.0,20.0,20,20.0,1702933000.0,1702933000.0,1702933000.0,1702933000.0,1702933000.0,1702933000.0,12385.928,0.0,1.0,0.5,20,Attack,20,20.0,20.0,20,20.0,8.6930326e-05,8.6930326e-05,8.6930326e-05,0.0001,0.0001,0.0001,24771.857,1,0.5,0.5,40
Attack-TCP-Flag-ACK-PSH,62590,0.1112,0.11122316,17.981032,0.0,1,0.5,0,0,0.0,0.0,0,0.0,0.0,0.0,0.0,0.0,0.0,0.0,0.0,0.0,0.0,0.0,0,Attack,20,20.0,20.0,20,20.0,0.11122316,0.11122316,0.11122316,0.1112,0.1112,0.1112,17.981032,1,0.5,0.0,40
Attack-TCP-Flag-ACK-PSH,0,1702932600.0,1702932600.0,1747.7557,0.0,1,0.5,65535,20,20.0,20.0,20,20.0,1702932600.0,1702932600.0,1702932600.0,1702932600.0,1702932600.0,1702932600.0,1747.7557,0.0,1.0,0.5,20,Attack,20,20.0,20.0,20,20.0,0.00079695604,0.00079695604,0.00079695604,0.0008,0.0008,0.0008,3495.5113,1,0.5,0.5,40
Attack-TCP-Flag-ACK-PSH,0,0.0,0.0,0.0,0.0,0,0.0,1200,20,20.0,20.0,20,20.0,1702931700.0,1702931700.0,1702931700.0,1702931700.0,1702931700.0,1702931700.0,0.0,0.0,0.0,0.0,20,Attack,20,20.0,20.0,20,20.0,1702931700.0,1702931700.0,1702931700.0,1702931700.0,1702931700.0,1702931700.0,0.0,1,1.0,0.0,20
Attack-TCP-Flag-ACK-PSH,62605,0.1093,0.10933208,18.311106,0.0,1,0.5,0,0,0.0,0.0,0,0.0,0.0,0.0,0.0,0.0,0.0,0.0,0.0,0.0,0.0,0.0,0,Attack,20,20.0,20.0,20,20.0,0.10933208,0.10933208,0.10933208,0.1093,0.1093,0.1093,18.311106,1,0.5,0.0,40
Attack-TCP-Flag-ACK-PSH,62599,0.1077,0.10769796,18.564804,0.0,1,0.5,0,0,0.0,0.0,0,0.0,0.0,0.0,0.0,0.0,0.0,0.0,0.0,0.0,0.0,0.0,0,Attack,20,20.0,20.0,20,20.0,0.10769796,0.10769796,0.10769796,0.1077,0.1077,0.1077,18.564804,1,0.5,0.0,40
Attack-TCP-Flag-ACK-PSH,0,0.0,0.0,0.0,0.0,0,0.0,65535,24,24.0,24.0,24,24.0,1702931800.0,1702931800.0,1702931800.0,1702931800.0,1702931800.0,1702931800.0,0.0,0.0,1.0,1.0,24,Attack,24,24.0,24.0,24,24.0,1702931800.0,1702931800.0,1702931800.0,1702931800.0,1702931800.0,1702931800.0,0.0,0,0.0,1.0,24
Attack-TCP-Flag-ACK-PSH,0,0.0059,0.0058999383,1102.4498,0.0,1,0.050000004,10240,40,40.0,40.0,40,40.0,7.9191644e-05,7.9191644e-05,7.9191644e-05,7.9191644e-05,7.9191644e-05,0.00016602507,1092.4498,0.0,0.02,0.0,40,Attack,40,24.0,24.0,20,20.0,0.005909943,0.005909943,0.005909943,0.0059,0.0059,0.0059,2204.8996,1,0.05,0.01,120
Attack-TCP-Flag-ACK-PSH,0,0.0,0.0,0.0,0.0,0,0.0,0,20,20.0,20.0,20,20.0,1702931800.0,1702931800.0,1702931800.0,1702931800.0,1702931800.0,1702931800.0,0.0,0.0,0.0,0.0,20,Attack,20,20.0,20.0,20,20.0,1702931800.0,1702931800.0,1702931800.0,1702931800.0,1702931800.0,1702931800.0,0.0,1,1.0,0.0,20
Attack-TCP-Flag-ACK-PSH,62596,0.1109,0.11093298,18.034911,0.0,1,0.5,0,0,0.0,0.0,0,0.0,0.0,0.0,0.0,0.0,0.0,0.0,0.0,0.0,0.0,0.0,0,Attack,20,20.0,20.0,20,20.0,0.11093298,0.11093298,0.11093298,0.1109,0.1109,0.1109,18.034911,1,0.5,0.0,40
Attack-TCP-Flag-ACK-PSH,0,0.0,0.0,0.0,0.0,0,0.0,65535,24,24.0,24.0,24,24.0,1702932100.0,1702932100.0,1702932100.0,1702932100.0,1702932100.0,1702932100.0,0.0,0.0,1.0,1.0,24,Attack,24,24.0,24.0,24,24.0,1702932100.0,1702932100.0,1702932100.0,1702932100.0,1702932100.0,1702932100.0,0.0,0,0.0,1.0,24
Attack-TCP-Flag-ACK-PSH,0,1702931600.0,1702931600.0,11148.015,0.0,1,0.5,1024,20,20.0,20.0,20,20.0,1702931600.0,1702931600.0,1702931600.0,1702931600.0,1702931600.0,1702931600.0,11148.015,0.0,1.0,0.5,20,Attack,20,20.0,20.0,20,20.0,9.9874346e-05,9.9874346e-05,9.9874346e-05,0.0001,0.0001,0.0001,22296.03,1,0.5,0.5,40
Attack-TCP-Flag-ACK-PSH,62605,0.1097,0.10966187,18.251514,0.0,1,0.5,0,0,0.0,0.0,0,0.0,0.0,0.0,0.0,0.0,0.0,0.0,0.0,0.0,0.0,0.0,0,Attack,20,20.0,20.0,20,20.0,0.10966187,0.10966187,0.10966187,0.1097,0.1097,0.1097,18.251514,1,0.5,0.0,40
Attack-TCP-Flag-ACK-PSH,0,0.0,0.0,0.0,0.0,0,0.0,1200,20,20.0,20.0,20,20.0,1702931500.0,1702931500.0,1702931500.0,1702931500.0,1702931500.0,1702931500.0,0.0,0.0,0.0,0.0,20,Attack,20,20.0,20.0,20,20.0,1702931500.0,1702931500.0,1702931500.0,1702931500.0,1702931500.0,1702931500.0,0.0,1,1.0,0.0,20
Attack-TCP-Flag-ACK-PSH,65514.6,0.0,0.01650985,0.29997903,0.5,4,0.6,65504.0,24,24.0,24.0,20,20.0,0.11970583,0.1197,0.1197,0.11973213,0.0,0.11965583,0.6010585,0.6,1.0,0.6,24,Attack,24,26.0,24.0,20,20.0,0.13527321,6.902844e-05,0.13815186,0.1132,0.1053,0.0,1.899939,0,0.0,0.6,52
Attack-TCP-Flag-ACK-PSH,0,1702932100.0,1702932100.0,12190.183,0.0,1,0.5,1024,20,20.0,20.0,20,20.0,1702932100.0,1702932100.0,1702932100.0,1702932100.0,1702932100.0,1702932100.0,12190.183,0.0,1.0,0.5,20,Attack,20,20.0,20.0,20,20.0,8.2931346e-05,8.2931346e-05,8.2931346e-05,0.0001,0.0001,0.0001,24380.366,1,0.5,0.5,40
Attack-TCP-Flag-ACK-PSH,0,0.0,0.0,0.0,0.0,0,0.0,1048576,20,20.0,20.0,20,20.0,1702932100.0,1702932100.0,1702932100.0,1702932100.0,1702932100.0,1702932100.0,0.0,0.0,1.0,1.0,20,Attack,20,20.0,20.0,20,20.0,1702932100.0,1702932100.0,1702932100.0,1702932100.0,1702932100.0,1702932100.0,0.0,0,0.0,1.0,20
Attack-TCP-Flag-ACK-PSH,0,0.0,0.0,0.0,0.0,0,0.0,1200,20,20.0,20.0,20,20.0,1702932700.0,1702932700.0,1702932700.0,1702932700.0,1702932700.0,1702932700.0,0.0,0.0,0.0,0.0,20,Attack,20,20.0,20.0,20,20.0,1702932700.0,1702932700.0,1702932700.0,1702932700.0,1702932700.0,1702932700.0,0.0,1,1.0,0.0,20
Attack-TCP-Flag-ACK-PSH,0,0.0,0.0,0.0,0.0,0,0.0,65535,24,24.0,24.0,24,24.0,1702931800.0,1702931800.0,1702931800.0,1702931800.0,1702931800.0,1702931800.0,0.0,0.0,1.0,1.0,24,Attack,24,24.0,24.0,24,24.0,1702931800.0,1702931800.0,1702931800.0,1702931800.0,1702931800.0,1702931800.0,0.0,0,0.0,1.0,24
Attack-TCP-Flag-ACK-PSH,0,1702932500.0,1702932500.0,5301.4375,0.0,1,0.5,1024,40,40.0,40.0,40,40.0,1702932500.0,1702932500.0,1702932500.0,1702932500.0,1702932500.0,1702932500.0,5301.4375,0.0,1.0,0.5,40,Attack,40,30.0,30.0,20,20.0,0.00016411695,0.00016411695,0.00016411695,0.0002,0.0002,0.0002,10602.875,1,0.5,0.5,60
Attack-TCP-Flag-ACK-PSH,0,1702932400.0,1702932400.0,6226.9474,0.0,1,0.5,28220,40,40.0,40.0,40,40.0,1702932400.0,1702932400.0,1702932400.0,1702932400.0,1702932400.0,1702932400.0,6226.9474,0.0,1.0,0.5,40,Attack,40,30.0,30.0,20,20.0,0.0001679568,0.0001679568,0.0001679568,0.0002,0.0002,0.0002,12433.895,1,0.5,0.5,60
Attack-TCP-Flag-ACK-PSH,0,0.0,0.0,0.0,0.0,0,0.0,1024,20,20.0,20.0,20,20.0,1702932400.0,1702932400.0,1702932400.0,1702932400.0,1702932400.0,1702932400.0,0.0,0.0,1.0,1.0,20,Attack,20,20.0,20.0,20,20.0,1702932400.0,1702932400.0,1702932400.0,1702932400.0,1702932400.0,1702932400.0,0.0,0,0.0,1.0,20
Attack-TCP-Flag-ACK-PSH,0,1702932700.0,1702932700.0,1437.7771,0.0,1,0.5,1024,20,20.0,20.0,20,20.0,1702932700.0,1702932700.0,1702932700.0,1702932700.0,1702932700.0,1702932700.0,1437.7771,0.0,1.0,0.5,20,Attack,20,20.0,20.0,20,20.0,0.005906026,0.005906026,0.005906026,0.0059,0.0059,0.0059,2875.5555,1,0.5,0.5,40
Attack-TCP-Flag-ACK-PSH,0,1702932700.0,1702932700.0,8001.652,0.0,1,0.5,29200,20,20.0,20.0,20,20.0,1702932700.0,1702932700.0,1702932700.0,1702932700.0,1702932700.0,1702932700.0,8001.652,0.0,1.0,0.5,20,Attack,20,20.0,20.0,20,20.0,0.00012399993,0.00012399993,0.00012399993,0.0001,0.0001,0.0001,16003.304,1,0.5,0.5,40
Attack-TCP-Flag-ACK-PSH,0,0.0,0.0,0.0,0.0,0,0.0,128,20,20.0,20.0,20,20.0,1702932900.0,1702932900.0,1702932900.0,1702932900.0,1702932900.0,1702932900.0,0.0,0.0,1.0,1.0,20,Attack,20,20.0,20.0,20,20.0,1702932900.0,1702932900.0,1702932900.0,1702932900.0,1702932900.0,1702932900.0,0.0,0,0.0,1.0,20
Attack-TCP-Flag-ACK-PSH,0,0.0,0.0,0.0,0.0,0,0.0,0,20,20.0,20.0,20,20.0,1702931700.0,1702931700.0,1702931700.0,1702931700.0,1702931700.0,1702931700.0,0.0,0.0,0.0,0.0,20,Attack,20,20.0,20.0,20,20.0,1702931700.0,1702931700.0,1702931700.0,1702931700.0,1702931700.0,1702931700.0,0.0,1,1.0,0.0,20
Attack-TCP-Flag-ACK-PSH,62591,0.1102,0.11020308,18.163854,0.0,1,0.5,0,0,0.0,0.0,0,0.0,0.0,0.0,0.0,0.0,0.0,0.0,0.0,0.0,0.0,0.0,0,Attack,20,20.0,20.0,20,20.0,0.11020308,0.11020308,0.11020308,0.1102,0.1102,0.1102,18.163854,1,0.5,0.0,40
Attack-TCP-Flag-ACK-PSH,0,0.0,0.0,0.0,0.0,0,0.0,0,20,20.0,20.0,20,20.0,1702933000.0,1702933000.0,1702933000.0,1702933000.0,1702933000.0,1702933000.0,0.0,0.0,0.0,0.0,20,Attack,20,20.0,20.0,20,20.0,1702933000.0,1702933000.0,1702933000.0,1702933000.0,1702933000.0,1702933000.0,0.0,1,1.0,0.0,20
Attack-TCP-Flag-ACK-PSH,0,0.0,0.0,0.0,0.0,0,0.0,1024,32,32.0,32.0,32,32.0,1702932400.0,1702932400.0,1702932400.0,1702932400.0,1702932400.0,1702932400.0,0.0,0.0,1.0,0.6666666,32,Attack,32,32.0,32.0,32,32.0,1702932400.0,1702932400.0,1702932400.0,1702932400.0,1702932400.0,1702932400.0,0.0,0,0.0,0.6666666,32
Attack-TCP-Flag-ACK-PSH,0,1702932500.0,1702932500.0,198.02299,0.0,1,0.5,1024,20,20.0,20.0,20,20.0,1702932500.0,1702932500.0,1702932500.0,1702932500.0,1702932500.0,1702932500.0,198.02299,0.0,1.0,0.5,20,Attack,20,20.0,20.0,20,20.0,0.00792204,0.00792204,0.00792204,0.0079,0.0079,0.0079,396.04598,1,0.5,0.5,40
Attack-TCP-Flag-ACK-PSH,8192,1702933000.0,1702933000.0,1000.0006,0.0,1,0.5,8192,32,32.0,32.0,32,32.0,1702933000.0,1702933000.0,1702933000.0,1702933000.0,1702933000.0,1702933000.0,1000.0006,0.0,1.0,0.5,32,Attack,32,26.0,26.0,20,20.0,0.01134911,0.01134911,0.01134911,0.0113,0.0113,0.0113,2000.0013,1,0.5,0.5,52
Attack-TCP-Flag-ACK-PSH,62594,0.1097,0.10969802,18.273808,0.0,1,0.5,0,0,0.0,0.0,0,0.0,0.0,0.0,0.0,0.0,0.0,0.0,0.0,0.0,0.0,0.0,0,Attack,20,20.0,20.0,20,20.0,0.10969802,0.10969802,0.10969802,0.1097,0.1097,0.1097,18.273808,1,0.5,0.0,40
Attack-TCP-Flag-ACK-PSH,62598,0.1109,0.11086611,18.026145,0.0,1,0.5,0,0,0.0,0.0,0,0.0,0.0,0.0,0.0,0.0,0.0,0.0,0.0,0.0,0.0,0.0,0,Attack,20,20.0,20.0,20,20.0,0.11086611,0.11086611,0.11086611,0.1109,0.1109,0.1109,18.026145,1,0.5,0.0,40
Attack-TCP-Flag-ACK-PSH,0,0.0,0.0,0.0,0.0,0,0.0,1025,24,24.0,24.0,24,24.0,1702932200.0,1702932200.0,1702932200.0,1702932200.0,1702932200.0,1702932200.0,0.0,0.0,1.0,1.0,24,Attack,24,24.0,24.0,24,24.0,1702932200.0,1702932200.0,1702932200.0,1702932200.0,1702932200.0,1702932200.0,0.0,0,0.0,1.0,24
Attack-TCP-Flag-ACK-PSH,62594,0.1093,0.10926909,18.293198,0.0,1,0.5,0,0,0.0,0.0,0,0.0,0.0,0.0,0.0,0.0,0.0,0.0,0.0,0.0,0.0,0.0,0,Attack,20,20.0,20.0,20,20.0,0.10926909,0.10926909,0.10926909,0.1093,0.1093,0.1093,18.293198,1,0.5,0.0,40
Attack-TCP-Flag-ACK-PSH,0,1702932200.0,1702932200.0,10363.457,0.0,1,0.5,1024,20,20.0,20.0,20,20.0,1702932200.0,1702932200.0,1702932200.0,1702932200.0,1702932200.0,1702932200.0,10363.457,0.0,1.0,0.5,20,Attack,20,20.0,20.0,20,20.0,9.301144e-05,9.301144e-05,9.301144e-05,0.0001,0.0001,0.0001,20726.914,1,0.5,0.5,40
